{
    "first_people": 4.553863286972046,
    "second_people": 6.467799425125122
}